Term,Market Rate,Shift,Shifted Rate,Zero Rate,Discount,Date
1 DY,-0.4556,0,-0.4556,-0.46193,1.000051,01/01/2022
1 MO,-0.465,0,-0.465,-0.4707,1.000439,01/01/2022
2 MO,-0.469,0,-0.469,-0.47503,1.000807,01/01/2022
3 MO,-0.471,0,-0.471,-0.47731,1.001217,01/01/2022
6 MO,-0.465,0,-0.465,-0.47185,1.002381,01/01/2022
9 MO,-0.4668,0,-0.4668,-0.47399,1.003591,01/01/2022
1 YR,-0.441,0,-0.441,-0.44824,1.004529,01/01/2022
18 MO,-0.378,0,-0.378,-0.38435,1.005798,01/01/2022
2 YR,-0.3126,0,-0.3126,-0.31824,1.006411,01/01/2022
3 YR,-0.1952,0,-0.1952,-0.19915,1.006025,01/01/2022
4 YR,-0.11025,0,-0.11025,-0.11284,1.004539,01/01/2022
5 YR,-0.05505,0,-0.05505,-0.05667,1.002844,01/01/2022
6 YR,-0.0183,0,-0.0183,-0.01923,1.001156,01/01/2022
7 YR,0.0265,0,0.0265,0.02641,0.998149,01/01/2022
8 YR,0.08015,0,0.08015,0.08114,0.993518,01/01/2022
9 YR,0.1374,0,0.1374,0.13971,0.987479,01/01/2022
10 YR,0.1902,0,0.1902,0.19389,0.980766,01/01/2022
12 YR,0.2848,0,0.2848,0.29146,0.965583,01/01/2022
15 YR,0.3853,0,0.3853,0.39584,0.94227,01/01/2022
20 YR,0.4388,0,0.4388,0.45092,0.913649,01/01/2022
25 YR,0.4188,0,0.4188,0.42816,0.898395,01/01/2022
30 YR,0.3722,0,0.3722,0.3776,0.892807,01/01/2022
1 DY,-0.495,0,-0.495,-0.50188,1.000041,01/02/2022
1 MO,-0.495,0,-0.495,-0.50197,1.000413,01/02/2022
2 MO,-0.493,0,-0.493,-0.50011,1.00085,01/02/2022
3 MO,-0.4869,0,-0.4869,-0.49413,1.001233,01/02/2022
6 MO,-0.47265,0,-0.47265,-0.48003,1.00241,01/02/2022
9 MO,-0.44575,0,-0.44575,-0.45306,1.003419,01/02/2022
1 YR,-0.39925,0,-0.39925,-0.40614,1.004092,01/02/2022
18 MO,-0.2699,0,-0.2699,-0.27489,1.004136,01/02/2022
2 YR,-0.1469,0,-0.1469,-0.1502,1.003025,01/02/2022
3 YR,0.0151,0,0.0151,0.0144,0.999567,01/02/2022
4 YR,0.1096,0,0.1096,0.11059,0.995577,01/02/2022
5 YR,0.1659,0,0.1659,0.16797,0.991623,01/02/2022
6 YR,0.219,0,0.219,0.22214,0.986742,01/02/2022
7 YR,0.25805,0,0.25805,0.26203,0.981783,01/02/2022
8 YR,0.29875,0,0.29875,0.30368,0.975958,01/02/2022
9 YR,0.34165,0,0.34165,0.34772,0.969153,01/02/2022
10 YR,0.38145,0,0.38145,0.38868,0.961837,01/02/2022
12 YR,0.45195,0,0.45195,0.46155,0.94606,01/02/2022
15 YR,0.52185,0,0.52185,0.5341,0.922929,01/02/2022
20 YR,0.54535,0,0.54535,0.55746,0.894403,01/02/2022
25 YR,0.50565,0,0.50565,0.51368,0.879372,01/02/2022
30 YR,0.45555,0,0.45555,0.45949,0.871111,01/02/2022
1 DY,-0.4874,0,-0.4874,-0.49417,1.000041,01/03/2022
1 MO,-0.4802,0,-0.4802,-0.4874,1.000454,01/03/2022
2 MO,-0.4797,0,-0.4797,-0.4868,1.000841,01/03/2022
3 MO,-0.476,0,-0.476,-0.48314,1.001245,01/03/2022
6 MO,-0.478,0,-0.478,-0.48533,1.002503,01/03/2022
9 MO,-0.448,0,-0.448,-0.45529,1.003486,01/03/2022
1 YR,-0.422,0,-0.422,-0.42914,1.004324,01/03/2022
18 MO,-0.2775,0,-0.2775,-0.28255,1.004282,01/03/2022
2 YR,-0.1474,0,-0.1474,-0.15071,1.003035,01/03/2022
3 YR,0.0305,0,0.0305,0.03005,0.999097,01/03/2022
4 YR,0.1531,0,0.1531,0.15483,0.993813,01/03/2022
5 YR,0.23165,0,0.23165,0.23491,0.988304,01/03/2022
6 YR,0.2908,0,0.2908,0.2953,0.982406,01/03/2022
7 YR,0.3592,0,0.3592,0.36533,0.974692,01/03/2022
8 YR,0.4285,0,0.4285,0.43655,0.965621,01/03/2022
9 YR,0.4931,0,0.4931,0.5032,0.955669,01/03/2022
10 YR,0.5524,0,0.5524,0.56464,0.945027,01/03/2022
12 YR,0.641,0,0.641,0.6568,0.924127,01/03/2022
15 YR,0.743,0,0.743,0.76381,0.891637,01/03/2022
20 YR,0.749,0,0.749,0.76697,0.857666,01/03/2022
25 YR,0.697,0,0.697,0.70798,0.837638,01/03/2022
30 YR,0.635,0,0.635,0.63928,0.825327,01/03/2022
1 DY,-0.25,0,-0.25,-0.25347,1.000035,01/04/2022
1 MO,-0.466,0,-0.466,-0.44679,1.000416,01/04/2022
2 MO,-0.462,0,-0.462,-0.45576,1.000837,01/04/2022
3 MO,-0.46055,0,-0.46055,-0.45822,1.001193,01/04/2022
6 MO,-0.38315,0,-0.38315,-0.38595,1.001979,01/04/2022
9 MO,-0.2686,0,-0.2686,-0.27234,1.002084,01/04/2022
1 YR,-0.11685,0,-0.11685,-0.12001,1.001214,01/04/2022
18 MO,0.22525,0,0.22525,0.22491,0.996604,01/04/2022
2 YR,0.48735,0,0.48735,0.49034,0.990175,01/04/2022
3 YR,0.7535,0,0.7535,0.76098,0.977286,01/04/2022
4 YR,0.86005,0,0.86005,0.86967,0.96565,01/04/2022
5 YR,0.91575,0,0.91575,0.92653,0.954609,01/04/2022
6 YR,0.98005,0,0.98005,0.99252,0.942034,01/04/2022
7 YR,1.01735,0,1.01735,1.03075,0.930231,01/04/2022
8 YR,1.05615,0,1.05615,1.07078,0.917742,01/04/2022
9 YR,1.09485,0,1.09485,1.11095,0.90463,01/04/2022
10 YR,1.13175,0,1.13175,1.14947,0.891217,01/04/2022
12 YR,1.19245,0,1.19245,1.21317,0.86432,01/04/2022
15 YR,1.23345,0,1.23345,1.25557,0.828052,01/04/2022
20 YR,1.18255,0,1.18255,1.19603,0.786944,01/04/2022
25 YR,1.08195,0,1.08195,1.08209,0.762754,01/04/2022
30 YR,1.057,0,1.057,1.0551,0.728421,01/04/2022
1 DY,-0.429,0,-0.429,-0.43496,1.000036,01/05/2022
1 MO,-0.46595,0,-0.46595,-0.47024,1.000425,01/05/2022
2 MO,-0.4451,0,-0.4451,-0.45094,1.000791,01/05/2022
3 MO,-0.43205,0,-0.43205,-0.43822,1.001129,01/05/2022
6 MO,-0.2488,0,-0.2488,-0.25438,1.001297,01/05/2022
9 MO,-0.0351,0,-0.0351,-0.03847,1.000293,01/05/2022
1 YR,0.1873,0,0.1873,0.18632,0.998128,01/05/2022
18 MO,0.58205,0,0.58205,0.58581,0.991196,01/05/2022
2 YR,0.858,0,0.858,0.86554,0.982768,01/05/2022
3 YR,1.094,0,1.094,1.10542,0.967235,01/05/2022
4 YR,1.207,0,1.207,1.22046,0.952227,01/05/2022
5 YR,1.28995,0,1.28995,1.30518,0.936724,01/05/2022
6 YR,1.2948,0,1.2948,1.30924,0.924319,01/05/2022
7 YR,1.3474,0,1.3474,1.36357,0.908828,01/05/2022
8 YR,1.4053,0,1.4053,1.42391,0.892197,01/05/2022
9 YR,1.4669,0,1.4669,1.48866,0.874394,01/05/2022
10 YR,1.5267,0,1.5267,1.55204,0.856058,01/05/2022
12 YR,1.62,0,1.62,1.65157,0.82003,01/05/2022
15 YR,1.67435,0,1.67435,1.70797,0.773737,01/05/2022
20 YR,1.6066,0,1.6066,1.62427,0.722344,01/05/2022
25 YR,1.4618,0,1.4618,1.45359,0.695088,01/05/2022
30 YR,1.4612,0,1.4612,1.45581,0.645879,01/05/2022
1 DY,-0.192,0,-0.192,-0.19467,1.000032,01/06/2022
1 MO,-0.432,0,-0.432,-0.42333,1.000383,01/06/2022
2 MO,-0.3918,0,-0.3918,-0.39094,1.000675,01/06/2022
3 MO,-0.2912,0,-0.2912,-0.29326,1.000772,01/06/2022
6 MO,0.0024,0,0.0024,0.00033,0.999998,01/06/2022
9 MO,0.257,0,0.257,0.25701,0.998066,01/06/2022
1 YR,0.5036,0,0.5036,0.50548,0.994889,01/06/2022
18 MO,0.869,0,0.869,0.87528,0.986874,01/06/2022
2 YR,1.09375,0,1.09375,1.10263,0.9781,01/06/2022
3 YR,1.295,0,1.295,1.30702,0.961445,01/06/2022
4 YR,1.405,0,1.405,1.41897,0.944712,01/06/2022
5 YR,1.484,0,1.484,1.49966,0.927645,01/06/2022
6 YR,1.535,0,1.535,1.55174,0.910827,01/06/2022
7 YR,1.591,0,1.591,1.60965,0.893244,01/06/2022
8 YR,1.657,0,1.657,1.67873,0.874169,01/06/2022
9 YR,1.717,0,1.717,1.74196,0.854732,01/06/2022
10 YR,1.778,0,1.778,1.80691,0.834486,01/06/2022
12 YR,1.87685,0,1.87685,1.91307,0.794544,01/06/2022
15 YR,1.9449,0,1.9449,1.98494,0.742251,01/06/2022
20 YR,1.90435,0,1.90435,1.92939,0.679602,01/06/2022
25 YR,1.80365,0,1.80365,1.80396,0.636714,01/06/2022
30 YR,1.85525,0,1.85525,1.87077,0.570214,01/06/2022
1 DY,-0.483,0,-0.483,-0.48971,1.000067,01/07/2022
1 MO,-0.3692,0,-0.3692,-0.38757,1.000372,01/07/2022
2 MO,-0.2628,0,-0.2628,-0.28004,1.000506,01/07/2022
3 MO,-0.1193,0,-0.1193,-0.13634,1.000359,01/07/2022
6 MO,0.224,0,0.224,0.21173,0.99891,01/07/2022
9 MO,0.4817,0,0.4817,0.47344,0.996401,01/07/2022
1 YR,0.6763,0,0.6763,0.67064,0.993243,01/07/2022
18 MO,0.98495,0,0.98495,0.98505,0.985187,01/07/2022
2 YR,1.1433,0,1.1433,1.14627,0.977182,01/07/2022
3 YR,1.3159,0,1.3159,1.32314,0.960839,01/07/2022
4 YR,1.41545,0,1.41545,1.42541,0.944357,01/07/2022
5 YR,1.53255,0,1.53255,1.54614,0.92541,01/07/2022
6 YR,1.625,0,1.625,1.64187,0.90594,01/07/2022
7 YR,1.709,0,1.709,1.72945,0.885728,01/07/2022
8 YR,1.786,0,1.786,1.81033,0.864915,01/07/2022
9 YR,1.87,0,1.87,1.89964,0.842498,01/07/2022
10 YR,1.95,0,1.95,1.98561,0.819598,01/07/2022
12 YR,2.096,0,2.096,2.14488,0.772752,01/07/2022
15 YR,2.208,0,2.208,2.26649,0.711392,01/07/2022
20 YR,2.16355,0,2.16355,2.19995,0.643616,01/07/2022
25 YR,2.04595,0,2.04595,2.04727,0.59907,01/07/2022
30 YR,2.044,0,2.044,2.04571,0.540974,01/07/2022
1 DY,0.041,0,0.041,0.04157,0.999997,01/08/2022
1 MO,0.06,0,0.06,0.05973,0.999943,01/08/2022
2 MO,0.1966,0,0.1966,0.19429,0.999665,01/08/2022
3 MO,0.3005,0,0.3005,0.29896,0.99923,01/08/2022
6 MO,0.5956,0,0.5956,0.59692,0.996963,01/08/2022
9 MO,0.7625,0,0.7625,0.76556,0.994249,01/08/2022
1 YR,0.8527,0,0.8527,0.85636,0.991426,01/08/2022
18 MO,0.94925,0,0.94925,0.95584,0.985623,01/08/2022
2 YR,1.0112,0,1.0112,1.01815,0.979706,01/08/2022
3 YR,1.0722,0,1.0722,1.08057,0.967988,01/08/2022
4 YR,1.121,0,1.121,1.13049,0.955699,01/08/2022
5 YR,1.199,0,1.199,1.21053,0.941175,01/08/2022
6 YR,1.28135,0,1.28135,1.29548,0.925084,01/08/2022
7 YR,1.333,0,1.333,1.34882,0.909768,01/08/2022
8 YR,1.3955,0,1.3955,1.414,0.892836,01/08/2022
9 YR,1.453,0,1.453,1.47436,0.875557,01/08/2022
10 YR,1.5063,0,1.5063,1.53069,0.857891,01/08/2022
12 YR,1.6078,0,1.6078,1.63924,0.821245,01/08/2022
15 YR,1.687,0,1.687,1.7236,0.77196,01/08/2022
20 YR,1.63655,0,1.63655,1.65873,0.717409,01/08/2022
25 YR,1.54495,0,1.54495,1.54798,0.678806,01/08/2022
30 YR,1.598,0,1.598,1.61417,0.615831,01/08/2022
1 DY,0.024,0,0.024,0.02433,0.999997,01/09/2022
1 MO,0.5415,0,0.5415,0.48718,0.999546,01/09/2022
2 MO,0.694,0,0.694,0.66268,0.998784,01/09/2022
3 MO,0.883,0,0.883,0.85764,0.99777,01/09/2022
6 MO,1.342,0,1.342,1.32741,0.993259,01/09/2022
9 MO,1.6507,0,1.6507,1.63962,0.98759,01/09/2022
1 YR,1.827,0,1.827,1.81579,0.981811,01/09/2022
18 MO,1.99455,0,1.99455,1.99323,0.970359,01/09/2022
2 YR,2.081,0,2.081,2.07934,0.958993,01/09/2022
3 YR,2.101,0,2.101,2.10243,0.938605,01/09/2022
4 YR,2.12495,0,2.12495,2.12825,0.918018,01/09/2022
5 YR,2.16155,0,2.16155,2.16683,0.897002,01/09/2022
6 YR,2.1861,0,2.1861,2.19274,0.876407,01/09/2022
7 YR,2.2171,0,2.2171,2.22559,0.855425,01/09/2022
8 YR,2.2526,0,2.2526,2.26346,0.834061,01/09/2022
9 YR,2.2924,0,2.2924,2.3063,0.812251,01/09/2022
10 YR,2.3371,0,2.3371,2.35494,0.789773,01/09/2022
12 YR,2.41,0,2.41,2.43498,0.746272,01/09/2022
15 YR,2.45765,0,2.45765,2.48622,0.688242,01/09/2022
20 YR,2.36215,0,2.36215,2.36512,0.622752,01/09/2022
25 YR,2.21175,0,2.21175,2.17773,0.579825,01/09/2022
30 YR,2.19308,0,2.19308,2.16009,0.522706,01/09/2022
1 DY,0.769,0,0.769,0.77967,0.999915,01/10/2022
1 MO,0.8655,0,0.8655,0.86859,0.999191,01/10/2022
2 MO,1.158,0,1.158,1.15476,0.997946,01/10/2022
3 MO,1.3598,0,1.3598,1.35746,0.996473,01/10/2022
6 MO,1.8398,0,1.8398,1.83927,0.990721,01/10/2022
9 MO,2.1474,0,2.1474,2.14469,0.983913,01/10/2022
1 YR,2.3567,0,2.3567,2.34844,0.976601,01/10/2022
18 MO,2.5617,0,2.5617,2.56289,0.96205,01/10/2022
2 YR,2.67305,0,2.67305,2.67053,0.947713,01/10/2022
3 YR,2.73115,0,2.73115,2.7305,0.920937,01/10/2022
4 YR,2.78085,0,2.78085,2.78186,0.894352,01/10/2022
5 YR,2.83075,0,2.83075,2.83371,0.867625,01/10/2022
6 YR,2.89,0,2.89,2.89591,0.84017,01/10/2022
7 YR,2.911,0,2.911,2.91745,0.814956,01/10/2022
8 YR,2.937,0,2.937,2.94488,0.789786,01/10/2022
9 YR,2.965,0,2.965,2.97491,0.764669,01/10/2022
10 YR,2.995,0,2.995,3.00769,0.739883,01/10/2022
12 YR,3.035,0,3.035,3.05128,0.693048,01/10/2022
15 YR,3.01075,0,3.01075,3.01816,0.635473,01/10/2022
20 YR,2.81435,0,2.81435,2.77324,0.573838,01/10/2022
25 YR,2.58585,0,2.58585,2.49028,0.536234,01/10/2022
30 YR,2.52625,0,2.52625,2.42768,0.482374,01/10/2022
1 DY,1.369,0,1.369,1.38799,0.999886,01/11/2022
1 MO,1.4006,0,1.4006,1.41734,0.998681,01/11/2022
2 MO,1.56035,0,1.56035,1.57384,0.997287,01/11/2022
3 MO,1.714,0,1.714,1.72665,0.995563,01/11/2022
6 MO,2.0929,0,2.0929,2.10298,0.989512,01/11/2022
9 MO,2.303,0,2.303,2.30809,0.982761,01/11/2022
1 YR,2.4699,0,2.4699,2.46745,0.975496,01/11/2022
18 MO,2.58355,0,2.58355,2.58895,0.961808,01/11/2022
2 YR,2.6253,0,2.6253,2.62552,0.948572,01/11/2022
3 YR,2.6198,0,2.6198,2.62045,0.924198,01/11/2022
4 YR,2.60235,0,2.60235,2.60281,0.900931,01/11/2022
5 YR,2.60675,0,2.60675,2.60768,0.87757,01/11/2022
6 YR,2.62515,0,2.62515,2.62724,0.853916,01/11/2022
7 YR,2.642,0,2.642,2.64518,0.830608,01/11/2022
8 YR,2.666,0,2.666,2.67106,0.807308,01/11/2022
9 YR,2.69285,0,2.69285,2.70027,0.784021,01/11/2022
10 YR,2.72085,0,2.72085,2.73099,0.760732,01/11/2022
12 YR,2.76905,0,2.76905,2.78443,0.715687,01/11/2022
15 YR,2.77875,0,2.77875,2.79274,0.65746,01/11/2022
20 YR,2.6325,0,2.6325,2.61083,0.592937,01/11/2022
25 YR,2.43295,0,2.43295,2.36348,0.553523,01/11/2022
30 YR,2.418,0,2.418,2.35596,0.492876,01/11/2022
1 DY,1.278,0,1.278,1.29573,0.999823,01/12/2022
1 MO,1.69605,0,1.69605,1.67005,0.9984,01/12/2022
2 MO,1.783,0,1.783,1.77455,0.996748,01/12/2022
3 MO,1.93155,0,1.93155,1.92591,0.995,01/12/2022
6 MO,2.2263,0,2.2263,2.22425,0.988669,01/12/2022
9 MO,2.3907,0,2.3907,2.3862,0.98199,01/12/2022
1 YR,2.47385,0,2.47385,2.46446,0.975393,01/12/2022
18 MO,2.50495,0,2.50495,2.50557,0.96275,01/12/2022
2 YR,2.46325,0,2.46325,2.46024,0.951665,01/12/2022
3 YR,2.34825,0,2.34825,2.34629,0.931732,01/12/2022
4 YR,2.26895,0,2.26895,2.26691,0.912916,01/12/2022
5 YR,2.23155,0,2.23155,2.22977,0.894174,01/12/2022
6 YR,2.194,0,2.194,2.19182,0.876456,01/12/2022
7 YR,2.21275,0,2.21275,2.21281,0.856192,01/12/2022
8 YR,2.194,0,2.194,2.1935,0.838752,01/12/2022
9 YR,2.212,0,2.212,2.2137,0.819061,01/12/2022
10 YR,2.26925,0,2.26925,2.27697,0.795968,01/12/2022
12 YR,2.30695,0,2.30695,2.3187,0.756775,01/12/2022
15 YR,2.31515,0,2.31515,2.32676,0.704933,01/12/2022
20 YR,2.19105,0,2.19105,2.17879,0.646427,01/12/2022
25 YR,2.03295,0,2.03295,1.99018,0.60769,01/12/2022
30 YR,1.858,0,1.858,1.78289,0.585404,01/12/2022
1 MO,1.887,0,1.887,1.91166,0.998273,01/01/2023
2 MO,2.059,0,2.059,2.07843,0.996532,01/01/2023
3 MO,2.2041,0,2.2041,2.22169,0.994416,01/01/2023
6 MO,2.5932,0,2.5932,2.60457,0.987026,01/01/2023
9 MO,2.8782,0,2.8782,2.87969,0.978537,01/01/2023
1 YR,3.0404,0,3.0404,3.02994,0.969994,01/01/2023
18 MO,3.105,0,3.105,3.10579,0.95436,01/01/2023
2 YR,3.1056,0,3.1056,3.09787,0.939684,01/01/2023
3 YR,3.00675,0,3.00675,2.99852,0.913596,01/01/2023
4 YR,2.92875,0,2.92875,2.91955,0.889495,01/01/2023
5 YR,2.886,0,2.886,2.87637,0.86584,01/01/2023
6 YR,2.86925,0,2.86925,2.85994,0.842055,01/01/2023
7 YR,2.8475,0,2.8475,2.83772,0.81959,01/01/2023
8 YR,2.84325,0,2.84325,2.83416,0.796886,01/01/2023
9 YR,2.84955,0,2.84955,2.84196,0.773954,01/01/2023
10 YR,2.8663,0,2.8663,2.86138,0.750864,01/01/2023
12 YR,2.884,0,2.884,2.88215,0.707334,01/01/2023
15 YR,2.8795,0,2.8795,2.87682,0.649161,01/01/2023
20 YR,2.7245,0,2.7245,2.68782,0.583783,01/01/2023
25 YR,2.531,0,2.531,2.44973,0.54174,01/01/2023
30 YR,2.439,0,2.439,2.34279,0.494861,01/01/2023
1 MO,2.3327,0,2.3327,2.36296,0.99806,01/02/2023
2 MO,2.4464,0,2.4464,2.47173,0.995878,01/02/2023
3 MO,2.5676,0,2.5676,2.58993,0.993564,01/02/2023
6 MO,2.88439,0,2.88439,2.89754,0.985578,01/02/2023
9 MO,3.06818,0,3.06818,3.06998,0.977135,01/02/2023
1 YR,3.154,0,3.154,3.14322,0.968723,01/02/2023
18 MO,3.151,0,3.151,3.15126,0.953543,01/02/2023
2 YR,3.06149,0,3.06149,3.05343,0.940523,01/02/2023
3 YR,2.86,0,2.86,2.85086,0.917814,01/02/2023
4 YR,2.727,0,2.727,2.71653,0.896834,01/02/2023
5 YR,2.655,0,2.655,2.64402,0.875974,01/02/2023
6 YR,2.61,0,2.61,2.59879,0.855256,01/02/2023
7 YR,2.57904,0,2.57904,2.56774,0.835192,01/02/2023
8 YR,2.56991,0,2.56991,2.5596,0.814608,01/02/2023
9 YR,2.57402,0,2.57402,2.56549,0.7936,01/02/2023
10 YR,2.58615,0,2.58615,2.58,0.772322,01/02/2023
12 YR,2.61095,0,2.61095,2.60931,0.730798,01/02/2023
15 YR,2.61275,0,2.61275,2.6121,0.675539,01/02/2023
20 YR,2.51472,0,2.51472,2.49479,0.606872,01/02/2023
25 YR,2.382,0,2.382,2.33238,0.557882,01/02/2023
30 YR,2.255,0,2.255,2.1764,0.520214,01/02/2023
1 MO,2.4978,0,2.4978,2.52977,0.997715,01/03/2023
2 MO,2.5994,0,2.5994,2.62655,0.995477,01/03/2023
3 MO,2.763,0,2.763,2.78582,0.992624,01/03/2023
6 MO,3.1156,0,3.1156,3.12739,0.984105,01/03/2023
9 MO,3.3267,0,3.3267,3.32485,0.974994,01/03/2023
1 YR,3.45539,0,3.45539,3.43814,0.965839,01/03/2023
18 MO,3.5307,0,3.5307,3.52632,0.948068,01/03/2023
2 YR,3.50278,0,3.50278,3.48795,0.932351,01/03/2023
3 YR,3.33956,0,3.33956,3.32343,0.904859,01/03/2023
4 YR,3.20101,0,3.20101,3.18268,0.880233,01/03/2023
5 YR,3.115,0,3.115,3.09526,0.856328,01/03/2023
6 YR,3.055,0,3.055,3.03414,0.833145,01/03/2023
7 YR,3.01431,0,3.01431,2.99283,0.810659,01/03/2023
8 YR,3.00317,0,3.00317,2.98291,0.787447,01/03/2023
9 YR,2.99908,0,2.99908,2.98022,0.764428,01/03/2023
10 YR,3.00848,0,3.00848,2.99231,0.741085,01/03/2023
12 YR,3.03398,0,3.03398,3.02357,0.695303,01/03/2023
15 YR,3.03135,0,3.03135,3.02168,0.635242,01/03/2023
20 YR,2.94995,0,2.94995,2.92208,0.557119,01/03/2023
25 YR,2.82955,0,2.82955,2.76854,0.500165,01/03/2023
30 YR,2.70885,0,2.70885,2.61216,0.45641,01/03/2023
1 MO,2.727,0,2.727,2.76174,0.997506,01/04/2023
2 MO,2.815,0,2.815,2.84321,0.994872,01/04/2023
3 MO,2.8808,0,2.8808,2.90549,0.992545,01/04/2023
6 MO,3.0709,0,3.0709,3.08421,0.984406,01/04/2023
9 MO,3.1804,0,3.1804,3.18145,0.97606,01/04/2023
1 YR,3.232,0,3.232,3.22044,0.967967,01/04/2023
18 MO,3.1715,0,3.1715,3.17147,0.953169,01/04/2023
2 YR,3.1036,0,3.1036,3.09479,0.939662,01/04/2023
3 YR,2.9545,0,2.9545,2.9452,0.914918,01/04/2023
4 YR,2.849,0,2.849,2.83871,0.892314,01/04/2023
5 YR,2.78515,0,2.78515,2.77417,0.870151,01/04/2023
6 YR,2.764,0,2.764,2.75366,0.847388,01/04/2023
7 YR,2.743,0,2.743,2.73269,0.825585,01/04/2023
8 YR,2.733,0,2.733,2.72316,0.803944,01/04/2023
9 YR,2.7328,0,2.7328,2.72405,0.782167,01/04/2023
10 YR,2.74305,0,2.74305,2.73639,0.760265,01/04/2023
12 YR,2.7833,0,2.7833,2.78322,0.715736,01/04/2023
15 YR,2.80425,0,2.80425,2.80774,0.65588,01/04/2023
20 YR,2.718,0,2.718,2.70116,0.582183,01/04/2023
25 YR,2.588,0,2.588,2.53719,0.529829,01/04/2023
30 YR,2.463,0,2.463,2.37888,0.489367,01/04/2023
1 MO,2.944,0,2.944,2.98075,0.997064,01/05/2023
2 MO,3.032,0,3.032,3.06353,0.994726,01/05/2023
3 MO,3.1045,0,3.1045,3.13191,0.991967,01/05/2023
6 MO,3.273,0,3.273,3.28767,0.983386,01/05/2023
9 MO,3.3615,0,3.3615,3.36196,0.974539,01/05/2023
1 YR,3.3695,0,3.3695,3.35703,0.96672,01/05/2023
18 MO,3.222,0,3.222,3.22174,0.952361,01/05/2023
2 YR,3.083,0,3.083,3.07312,0.939993,01/05/2023
3 YR,2.879,0,2.879,2.86865,0.917251,01/05/2023
4 YR,2.772,0,2.772,2.76122,0.895229,01/05/2023
5 YR,2.723,0,2.723,2.71245,0.872913,01/05/2023
6 YR,2.689,0,2.689,2.67851,0.851288,01/05/2023
7 YR,2.672,0,2.672,2.66201,0.829749,01/05/2023
8 YR,2.64155,0,2.64155,2.63049,0.809878,01/05/2023
9 YR,2.669,0,2.669,2.66196,0.786674,01/05/2023
10 YR,2.682,0,2.682,2.67724,0.764838,01/05/2023
12 YR,2.729,0,2.729,2.73143,0.720042,01/05/2023
15 YR,2.761,0,2.761,2.76858,0.659851,01/05/2023
20 YR,2.675,0,2.675,2.66161,0.586897,01/05/2023
25 YR,2.551,0,2.551,2.50518,0.534202,01/05/2023
30 YR,2.441,0,2.441,2.36624,0.491325,01/05/2023
1 MO,3.138,0,3.138,3.17743,0.996958,01/06/2023
2 MO,3.17405,0,3.17405,3.20699,0.99413,01/06/2023
3 MO,3.258,0,3.258,3.28379,0.991311,01/06/2023
6 MO,3.3732,0,3.3732,3.38538,0.982714,01/06/2023
9 MO,3.42275,0,3.42275,3.4214,0.974186,01/06/2023
1 YR,3.39475,0,3.39475,3.38105,0.966217,01/06/2023
18 MO,3.2272,0,3.2272,3.22691,0.952202,01/06/2023
2 YR,3.0862,0,3.0862,3.07698,0.93984,01/06/2023
3 YR,2.8552,0,2.8552,2.8456,0.917602,01/06/2023
4 YR,2.7072,0,2.7072,2.6965,0.897289,01/06/2023
5 YR,2.64985,0,2.64985,2.63943,0.875923,01/06/2023
6 YR,2.59925,0,2.59925,2.58836,0.855732,01/06/2023
7 YR,2.57355,0,2.57355,2.56292,0.835357,01/06/2023
8 YR,2.56755,0,2.56755,2.55807,0.814536,01/06/2023
9 YR,2.5707,0,2.5707,2.56281,0.793514,01/06/2023
10 YR,2.5863,0,2.5863,2.58109,0.772019,01/06/2023
12 YR,2.64005,0,2.64005,2.64293,0.727799,01/06/2023
15 YR,2.71725,0,2.71725,2.73294,0.663193,01/06/2023
20 YR,2.63405,0,2.63405,2.62759,0.590739,01/06/2023
25 YR,2.54675,0,2.54675,2.51672,0.532515,01/06/2023
30 YR,2.5481,0,2.5481,2.524,0.468556,01/06/2023
1 MO,3.28145,0,3.28145,3.32233,0.99691,01/07/2023
2 MO,3.3735,0,3.3735,3.40639,0.993952,01/07/2023
3 MO,3.4319,0,3.4319,3.45991,0.991035,01/07/2023
6 MO,3.56885,0,3.56885,3.58158,0.981818,01/07/2023
9 MO,3.65805,0,3.65805,3.65436,0.972551,01/07/2023
1 YR,3.69015,0,3.69015,3.67008,0.963577,01/07/2023
18 MO,3.60365,0,3.60365,3.59755,0.946767,01/07/2023
2 YR,3.4939,0,3.4939,3.477,0.932467,01/07/2023
3 YR,3.24945,0,3.24945,3.23151,0.907124,01/07/2023
4 YR,3.05225,0,3.05225,3.032,0.885418,01/07/2023
5 YR,2.91945,0,2.91945,2.89735,0.864794,01/07/2023
6 YR,2.83095,0,2.83095,2.80766,0.84464,01/07/2023
7 YR,2.7669,0,2.7669,2.74271,0.825005,01/07/2023
8 YR,2.7277,0,2.7277,2.7035,0.805212,01/07/2023
9 YR,2.703,0,2.703,2.67926,0.785333,01/07/2023
10 YR,2.6886,0,2.6886,2.66578,0.765661,01/07/2023
12 YR,2.70285,0,2.70285,2.68574,0.724169,01/07/2023
15 YR,2.69895,0,2.69895,2.68476,0.66811,01/07/2023
20 YR,2.62,0,2.62,2.59321,0.594906,01/07/2023
25 YR,2.504,0,2.504,2.45143,0.541364,01/07/2023
30 YR,2.393,0,2.393,2.31384,0.499149,01/07/2023
1 MO,3.4702,0,3.4702,3.51298,0.996733,01/08/2023
2 MO,3.502,0,3.502,3.53928,0.99391,01/08/2023
3 MO,3.5336,0,3.5336,3.56546,0.99086,01/08/2023
6 MO,3.6158,0,3.6158,3.63093,0.981472,01/08/2023
9 MO,3.6438,0,3.6438,3.64316,0.972828,01/08/2023
1 YR,3.6317,0,3.6317,3.61488,0.964019,01/08/2023
18 MO,3.4852,0,3.4852,3.48203,0.948703,01/08/2023
2 YR,3.3452,0,3.3452,3.33094,0.93521,01/08/2023
3 YR,3.11575,0,3.11575,3.10067,0.910943,01/08/2023
4 YR,2.97855,0,2.97855,2.96243,0.888038,01/08/2023
5 YR,2.8985,0,2.8985,2.88181,0.865536,01/08/2023
6 YR,2.8445,0,2.8445,2.82737,0.843705,01/08/2023
7 YR,2.80945,0,2.80945,2.7922,0.822084,01/08/2023
8 YR,2.79455,0,2.79455,2.77814,0.80041,01/08/2023
9 YR,2.793,0,2.793,2.77819,0.778476,01/08/2023
10 YR,2.795,0,2.795,2.78184,0.756869,01/08/2023
12 YR,2.8465,0,2.8465,2.84247,0.710714,01/08/2023
15 YR,2.879,0,2.879,2.8813,0.648776,01/08/2023
20 YR,2.771,0,2.771,2.74769,0.576913,01/08/2023
25 YR,2.651,0,2.651,2.59707,0.522094,01/08/2023
30 YR,2.549,0,2.549,2.46837,0.476516,01/08/2023
1 MO,3.522,0,3.522,3.56569,0.996684,01/09/2023
2 MO,3.547,0,3.547,3.58413,0.99354,01/09/2023
3 MO,3.571,0,3.571,3.60273,0.990667,01/09/2023
6 MO,3.613,0,3.613,3.62874,0.981678,01/09/2023
9 MO,3.621,0,3.621,3.62063,0.972704,01/09/2023
1 YR,3.58165,0,3.58165,3.56683,0.964489,01/09/2023
18 MO,3.41185,0,3.41185,3.41038,0.94982,01/09/2023
2 YR,3.26575,0,3.26575,3.25397,0.936576,01/09/2023
3 YR,3.04,0,3.04,3.02745,0.912649,01/09/2023
4 YR,2.91455,0,2.91455,2.90116,0.890009,01/09/2023
5 YR,2.83728,0,2.83728,2.82321,0.867947,01/09/2023
6 YR,2.806,0,2.806,2.79245,0.845349,01/09/2023
7 YR,2.78705,0,2.78705,2.77406,0.823131,01/09/2023
8 YR,2.78715,0,2.78715,2.77573,0.800503,01/09/2023
9 YR,2.7943,0,2.7943,2.78479,0.777835,01/09/2023
10 YR,2.81155,0,2.81155,2.80496,0.755003,01/09/2023
12 YR,2.85385,0,2.85385,2.85409,0.709611,01/09/2023
15 YR,2.89805,0,2.89805,2.90595,0.646224,01/09/2023
20 YR,2.7882,0,2.7882,2.7682,0.574374,01/09/2023
25 YR,2.659,0,2.659,2.60468,0.520952,01/09/2023
30 YR,2.55015,0,2.55015,2.46681,0.476706,01/09/2023
1 MO,3.7269,0,3.7269,3.77261,0.996595,01/10/2023
2 MO,3.734,0,3.734,3.7737,0.993405,01/10/2023
3 MO,3.7541,0,3.7541,3.78777,0.990293,01/10/2023
6 MO,3.791,0,3.791,3.80671,0.980891,01/10/2023
9 MO,3.79,0,3.79,3.78815,0.971762,01/10/2023
1 YR,3.7576,0,3.7576,3.739,0.963004,01/10/2023
18 MO,3.5841,0,3.5841,3.57947,0.947492,01/10/2023
2 YR,3.4395,0,3.4395,3.42328,0.933563,01/10/2023
3 YR,3.23385,0,3.23385,3.21697,0.907602,01/10/2023
4 YR,3.11905,0,3.11905,3.10151,0.883026,01/10/2023
5 YR,3.0597,0,3.0597,3.04209,0.858612,01/10/2023
6 YR,3.048,0,3.048,3.03187,0.833397,01/10/2023
7 YR,3.04015,0,3.04015,3.0251,0.808893,01/10/2023
8 YR,3.047,0,3.047,3.03392,0.784235,01/10/2023
9 YR,3.05975,0,3.05975,3.04902,0.759638,01/10/2023
10 YR,3.08505,0,3.08505,3.07825,0.734734,01/10/2023
12 YR,3.133,0,3.133,3.13392,0.686259,01/10/2023
15 YR,3.179,0,3.179,3.18783,0.619535,01/10/2023
20 YR,3.083,0,3.083,3.06294,0.541538,01/10/2023
25 YR,2.98,0,2.98,2.92761,0.480569,01/10/2023
30 YR,2.887,0,2.887,2.8037,0.4309,01/10/2023
1 MO,3.729,0,3.729,3.77473,0.996593,01/11/2023
2 MO,3.749,0,3.749,3.78859,0.993482,01/11/2023
3 MO,3.76,0,3.76,3.79324,0.990073,01/11/2023
6 MO,3.7488,0,3.7488,3.7654,0.981197,01/11/2023
9 MO,3.677,0,3.677,3.6772,0.972381,01/11/2023
1 YR,3.58365,0,3.58365,3.56974,0.964555,01/11/2023
18 MO,3.34585,0,3.34585,3.34442,0.950766,01/11/2023
2 YR,3.17125,0,3.17125,3.15975,0.938517,01/11/2023
3 YR,2.958,0,2.958,2.94606,0.91519,01/11/2023
4 YR,2.8738,0,2.8738,2.86203,0.891619,01/11/2023
5 YR,2.856,0,2.856,2.84552,0.867111,01/11/2023
6 YR,2.8647,0,2.8647,2.85617,0.842114,01/11/2023
7 YR,2.8888,0,2.8888,2.88303,0.816926,01/11/2023
8 YR,2.922,0,2.922,2.91974,0.791442,01/11/2023
9 YR,2.95715,0,2.95715,2.95875,0.765909,01/11/2023
10 YR,3.0031,0,3.0031,3.0103,0.73975,01/11/2023
12 YR,3.0819,0,3.0819,3.09968,0.688971,01/11/2023
15 YR,3.15195,0,3.15195,3.17969,0.620347,01/11/2023
20 YR,3.111,0,3.111,3.11911,0.535571,01/11/2023
25 YR,3.019,0,3.019,2.991,0.473082,01/11/2023
30 YR,2.933,0,2.933,2.87079,0.422307,01/11/2023
1 MO,3.719,0,3.719,3.76463,0.996397,01/12/2023
2 MO,3.744,0,3.744,3.78265,0.993183,01/12/2023
3 MO,3.7449,0,3.7449,3.77845,0.990214,01/12/2023
6 MO,3.63565,0,3.63565,3.6547,0.981352,01/12/2023
9 MO,3.48935,0,3.48935,3.4954,0.973636,01/12/2023
1 YR,3.33565,0,3.33565,3.33064,0.966801,01/12/2023
18 MO,3.034,0,3.034,3.03957,0.954993,01/12/2023
2 YR,2.8433,0,2.8433,2.84004,0.944415,01/12/2023
3 YR,2.631,0,2.631,2.62672,0.923758,01/12/2023
4 YR,2.53325,0,2.53325,2.5284,0.903435,01/12/2023
5 YR,2.506,0,2.506,2.50174,0.882057,01/12/2023
6 YR,2.503,0,2.503,2.49981,0.860364,01/12/2023
7 YR,2.532,0,2.532,2.53154,0.837257,01/12/2023
8 YR,2.558,0,2.558,2.56001,0.814467,01/12/2023
9 YR,2.586,0,2.586,2.59073,0.791573,01/12/2023
10 YR,2.619,0,2.619,2.62725,0.768566,01/12/2023
12 YR,2.693,0,2.693,2.71025,0.721986,01/12/2023
15 YR,2.77235,0,2.77235,2.80056,0.656538,01/12/2023
20 YR,2.724,0,2.724,2.73373,0.578354,01/12/2023
25 YR,2.642,0,2.642,2.62443,0.518383,01/12/2023
30 YR,2.575,0,2.575,2.5351,0.46703,01/12/2023
1 MO,3.7216,0,3.7216,3.76687,0.996394,01/01/2024
2 MO,3.721,0,3.721,3.76103,0.993529,01/01/2024
3 MO,3.68835,0,3.68835,3.72321,0.990558,01/01/2024
6 MO,3.5183,0,3.5183,3.53832,0.982321,01/01/2024
9 MO,3.3084,0,3.3084,3.3161,0.975237,01/01/2024
1 YR,3.104,0,3.104,3.10211,0.969208,01/01/2024
18 MO,2.74105,0,2.74105,2.74763,0.959515,01/01/2024
2 YR,2.49405,0,2.49405,2.49301,0.951038,01/01/2024
3 YR,2.2585,0,2.2585,2.25678,0.934307,01/01/2024
4 YR,2.1606,0,2.1606,2.15876,0.91711,01/01/2024
5 YR,2.12605,0,2.12605,2.12478,0.899,01/01/2024
6 YR,2.1275,0,2.1275,2.1276,0.879951,01/01/2024
7 YR,2.1408,0,2.1408,2.14256,0.860524,01/01/2024
8 YR,2.1655,0,2.1655,2.16953,0.840365,01/01/2024
9 YR,2.19385,0,2.19385,2.20049,0.820086,01/01/2024
10 YR,2.2286,0,2.2286,2.2386,0.799182,01/01/2024
12 YR,2.293,0,2.293,2.30983,0.757679,01/01/2024
15 YR,2.359,0,2.359,2.38357,0.699123,01/01/2024
20 YR,2.316,0,2.316,2.3271,0.627551,01/01/2024
25 YR,2.234,0,2.234,2.22284,0.573316,01/01/2024
30 YR,2.162,0,2.162,2.13143,0.527224,01/01/2024
1 MO,3.71213,0,3.71213,3.75807,0.996608,01/02/2024
2 MO,3.7062,0,3.7062,3.74686,0.993452,01/02/2024
3 MO,3.6658,0,3.6658,3.70206,0.990411,01/02/2024
6 MO,3.513,0,3.513,3.53543,0.982145,01/02/2024
9 MO,3.3067,0,3.3067,3.31756,0.975049,01/02/2024
1 YR,3.1208,0,3.1208,3.12194,0.968848,01/02/2024
18 MO,2.7746,0,2.7746,2.7844,0.958838,01/02/2024
2 YR,2.5639,0,2.5639,2.56564,0.949648,01/02/2024
3 YR,2.341,0,2.341,2.34133,0.931871,01/02/2024
4 YR,2.24,0,2.24,2.23949,0.913923,01/02/2024
5 YR,2.1968,0,2.1968,2.19622,0.89568,01/02/2024
6 YR,2.208,0,2.208,2.209,0.87555,01/02/2024
7 YR,2.2146,0,2.2146,2.21668,0.85596,01/02/2024
8 YR,2.2369,0,2.2369,2.24101,0.835563,01/02/2024
9 YR,2.2645,0,2.2645,2.2711,0.814681,01/02/2024
10 YR,2.2963,0,2.2963,2.30598,0.793657,01/02/2024
12 YR,2.353,0,2.353,2.36869,0.752242,01/02/2024
15 YR,2.42985,0,2.42985,2.45531,0.691447,01/02/2024
20 YR,2.456,0,2.456,2.48159,0.608395,01/02/2024
25 YR,2.382,0,2.382,2.3822,0.550863,01/02/2024
30 YR,2.308,0,2.308,2.28361,0.50367,01/02/2024
1 MO,3.70245,0,3.70245,3.7479,0.996413,01/03/2024
2 MO,3.7042,0,3.7042,3.74397,0.993253,01/03/2024
3 MO,3.698,0,3.698,3.73224,0.99013,01/03/2024
6 MO,3.6004,0,3.6004,3.62,0.981527,01/03/2024
9 MO,3.47325,0,3.47325,3.47949,0.973754,01/03/2024
1 YR,3.34165,0,3.34165,3.33644,0.966832,01/03/2024
18 MO,3.066,0,3.066,3.07117,0.954536,01/03/2024
2 YR,2.88875,0,2.88875,2.88502,0.943634,01/03/2024
3 YR,2.66785,0,2.66785,2.66301,0.922948,01/03/2024
4 YR,2.548,0,2.548,2.54211,0.902937,01/03/2024
5 YR,2.481,0,2.481,2.47458,0.88332,01/03/2024
6 YR,2.4565,0,2.4565,2.45057,0.862975,01/03/2024
7 YR,2.436,0,2.436,2.43022,0.843287,01/03/2024
8 YR,2.44,0,2.44,2.4357,0.822624,01/03/2024
9 YR,2.446,0,2.446,2.44311,0.802186,01/03/2024
10 YR,2.46,0,2.46,2.45922,0.781614,01/03/2024
12 YR,2.496,0,2.496,2.50032,0.740435,01/03/2024
15 YR,2.5589,0,2.5589,2.57301,0.679373,01/03/2024
20 YR,2.508,0,2.508,2.50856,0.605036,01/03/2024
25 YR,2.404,0,2.404,2.37675,0.551651,01/03/2024
30 YR,2.313,0,2.313,2.26147,0.507061,01/03/2024
1 MO,3.69698,0,3.69698,3.74257,0.996724,01/04/2024
2 MO,3.6872,0,3.6872,3.72728,0.993587,01/04/2024
3 MO,3.643,0,3.643,3.67811,0.990672,01/04/2024
6 MO,3.5185,0,3.5185,3.53808,0.982227,01/04/2024
9 MO,3.387,0,3.387,3.39291,0.97458,01/04/2024
1 YR,3.263,0,3.263,3.25743,0.967778,01/04/2024
2 YR,2.8405,0,2.8405,2.83557,0.944426,01/04/2024
3 YR,2.597,0,2.597,2.591,0.924952,01/04/2024
4 YR,2.482,0,2.482,2.47549,0.905541,01/04/2024
5 YR,2.387,0,2.387,2.3793,0.887665,01/04/2024
6 YR,2.3611,0,2.3611,2.35424,0.868101,01/04/2024
7 YR,2.34,0,2.34,2.33356,0.849132,01/04/2024
8 YR,2.33575,0,2.33575,2.33039,0.829597,01/04/2024
9 YR,2.3435,0,2.3435,2.33993,0.809843,01/04/2024
10 YR,2.355,0,2.355,2.35341,0.790098,01/04/2024
12 YR,2.378,0,2.378,2.3801,0.751309,01/04/2024
15 YR,2.42175,0,2.42175,2.43086,0.694177,01/04/2024
20 YR,2.392,0,2.392,2.39396,0.619207,01/04/2024
25 YR,2.307,0,2.307,2.28724,0.56415,01/04/2024
30 YR,2.234,0,2.234,2.19532,0.517298,01/04/2024
